feature,coef,model_id
adverb_ratio_pr,0.07372031900792293,run_001
adverb_ratio_qa,-0.058208976876245246,run_001
adverb_ratio_zscore_pr,0.0843958403850296,run_001
adverb_ratio_zscore_qa,0.08803179805705652,run_001
automated_readability_pr,0.07586941437300324,run_001
automated_readability_qa,-0.06480019312401199,run_001
coleman_liau_pr,0.04705792830368323,run_001
coleman_liau_qa,0.08824031132780089,run_001
dale_chall_pr,0.07209793803649425,run_001
dale_chall_qa,0.01987064964746797,run_001
flesch_ease_pr,0.02026358616687396,run_001
flesch_ease_qa,0.07265698190979009,run_001
flesch_kincaid_pr,-0.06019891959257497,run_001
flesch_kincaid_qa,-0.13580431240090912,run_001
gunning_fog_pr,-0.04527436796723859,run_001
gunning_fog_qa,-0.026087713577263978,run_001
lm_complexity_pr,-0.020419210110431074,run_001
lm_complexity_qa,0.1616233924691971,run_001
lm_constraining_pr,0.0512699059425109,run_001
lm_constraining_qa,0.06206784484736104,run_001
lm_litigious_pr,0.052141362976807056,run_001
lm_litigious_qa,0.20608178643760508,run_001
lm_litigious_zscore_pr,-0.12288753833499463,run_001
lm_litigious_zscore_qa,0.006088983883303388,run_001
lm_modal_strong_pr,-0.10046425512670934,run_001
lm_modal_strong_qa,0.11751895491216213,run_001
lm_modal_strong_zscore_pr,-0.04286302998623669,run_001
lm_modal_strong_zscore_qa,0.11575467767325687,run_001
lm_modal_weak_pr,-0.12799135778957574,run_001
lm_modal_weak_qa,-0.23809166614023997,run_001
lm_modal_weak_zscore_pr,0.06229064839170271,run_001
lm_modal_weak_zscore_qa,0.05214918730950372,run_001
lm_negative_pr,-0.24185166348667517,run_001
lm_negative_qa,-0.06861691301695994,run_001
lm_net_sentiment_pr,0.2668617993168259,run_001
lm_net_sentiment_qa,0.006483695710457677,run_001
lm_net_sentiment_zscore_pr,0.06710830879737885,run_001
lm_net_sentiment_zscore_qa,0.1182997747982837,run_001
lm_polarity_pr,0.10363994202718996,run_001
lm_polarity_qa,0.02206810096553299,run_001
lm_positive_pr,0.19878912194793705,run_001
lm_positive_qa,-0.050504004878709166,run_001
lm_subjectivity_pr,0.15278459366911074,run_001
lm_subjectivity_qa,0.07385812038823354,run_001
lm_subjectivity_zscore_pr,-0.05358472429239145,run_001
lm_subjectivity_zscore_qa,-0.09473844994335266,run_001
lm_uncertainty_pr,0.26414405627747867,run_001
lm_uncertainty_qa,0.19945056127830973,run_001
lm_uncertainty_zscore_pr,-0.1312678511077836,run_001
lm_uncertainty_zscore_qa,0.03225606612577467,run_001
n_sentences_pr,0.09066646240987278,run_001
n_sentences_qa,-0.1625886262783788,run_001
n_words_pr,-0.10490650824621785,run_001
n_words_qa,-0.03656034134035642,run_001
pronoun_plural_ratio_pr,0.018604007434545506,run_001
pronoun_plural_ratio_qa,-0.047370284957680184,run_001
pronoun_plural_ratio_zscore_pr,-0.007106837241771231,run_001
pronoun_plural_ratio_zscore_qa,0.023038637790606366,run_001
smog_index_pr,0.07533637865314623,run_001
smog_index_qa,0.1266474433485419,run_001
words_per_sentence_pr,-0.1965513259709384,run_001
words_per_sentence_qa,-0.02237429947975095,run_001
words_per_sentence_zscore_pr,0.02747900591926966,run_001
words_per_sentence_zscore_qa,-0.07039619831986405,run_001
adverb_ratio_pr,0.09978745326042783,run_002
adverb_ratio_qa,-0.08823165944167081,run_002
adverb_ratio_zscore_pr,0.0810256925876522,run_002
adverb_ratio_zscore_qa,0.12187638510533119,run_002
automated_readability_pr,0.2598363623981908,run_002
automated_readability_qa,-0.0924282036071062,run_002
coleman_liau_pr,-0.01070675657470891,run_002
coleman_liau_qa,0.14716678632258684,run_002
dale_chall_pr,0.08864045757120909,run_002
dale_chall_qa,0.04092867924946214,run_002
flesch_ease_pr,0.0894934244729906,run_002
flesch_ease_qa,0.1539072926473781,run_002
flesch_kincaid_pr,-0.07482168138113175,run_002
flesch_kincaid_qa,-0.26359074978261005,run_002
gunning_fog_pr,-0.1354755946342645,run_002
gunning_fog_qa,-0.037626801889195455,run_002
lm_complexity_pr,-0.040096482202858476,run_002
lm_complexity_qa,0.17018279101894612,run_002
lm_constraining_pr,0.06926851569746838,run_002
lm_constraining_qa,0.060155727154222835,run_002
lm_litigious_pr,0.05423305115412111,run_002
lm_litigious_qa,0.24846164353021935,run_002
lm_litigious_zscore_pr,-0.13198708811008977,run_002
lm_litigious_zscore_qa,-0.00775238512739379,run_002
lm_modal_strong_pr,-0.14506744509091585,run_002
lm_modal_strong_qa,0.16085191189586348,run_002
lm_modal_strong_zscore_pr,-0.024956163300808566,run_002
lm_modal_strong_zscore_qa,0.10039596996510106,run_002
lm_modal_weak_pr,-0.19546547608875992,run_002
lm_modal_weak_qa,-0.3417645789896108,run_002
lm_modal_weak_zscore_pr,0.1039540404049398,run_002
lm_modal_weak_zscore_qa,0.097852708953567,run_002
lm_negative_pr,-0.33865566123128804,run_002
lm_negative_qa,-0.07876035718033404,run_002
lm_net_sentiment_pr,0.33742317834089314,run_002
lm_net_sentiment_qa,-0.008659103871160497,run_002
lm_net_sentiment_zscore_pr,0.0018366885111122065,run_002
lm_net_sentiment_zscore_qa,0.15630075166850999,run_002
lm_polarity_pr,0.06515829619036236,run_002
lm_polarity_qa,0.027142918255521075,run_002
lm_positive_pr,0.22848307320503475,run_002
lm_positive_qa,-0.08260478305356907,run_002
lm_subjectivity_pr,0.17687549843814085,run_002
lm_subjectivity_qa,0.09618991039652472,run_002
lm_subjectivity_zscore_pr,-0.05224848365220409,run_002
lm_subjectivity_zscore_qa,-0.10329793756234534,run_002
lm_uncertainty_pr,0.38546462563175554,run_002
lm_uncertainty_qa,0.27738927534472346,run_002
lm_uncertainty_zscore_pr,-0.21078202019082193,run_002
lm_uncertainty_zscore_qa,0.030970459407445135,run_002
n_sentences_pr,0.20583484820099385,run_002
n_sentences_qa,-0.2916000246370251,run_002
n_words_pr,-0.23557718422907306,run_002
n_words_qa,0.042095792033560876,run_002
pronoun_plural_ratio_pr,-0.019068577843277614,run_002
pronoun_plural_ratio_qa,-0.06802621098167062,run_002
pronoun_plural_ratio_zscore_pr,0.010885229095802309,run_002
pronoun_plural_ratio_zscore_qa,0.038278882692744085,run_002
smog_index_pr,0.13457540419665664,run_002
smog_index_qa,0.263476075102379,run_002
words_per_sentence_pr,-0.2896399084733946,run_002
words_per_sentence_qa,0.022010540736662233,run_002
words_per_sentence_zscore_pr,0.07721616183573128,run_002
words_per_sentence_zscore_qa,-0.1039201739384751,run_002
adverb_ratio_pr,0.13093405562097843,run_003
adverb_ratio_qa,-0.1106656511038754,run_003
adverb_ratio_zscore_pr,0.06654884672909454,run_003
adverb_ratio_zscore_qa,0.15078785693758276,run_003
automated_readability_pr,0.6173015739050178,run_003
automated_readability_qa,-0.07774709253772248,run_003
coleman_liau_pr,-0.18225975189921928,run_003
coleman_liau_qa,0.198970415184948,run_003
dale_chall_pr,0.1352538432166104,run_003
dale_chall_qa,0.06318448325121441,run_003
flesch_ease_pr,0.15235374430984785,run_003
flesch_ease_qa,0.23493623606970013,run_003
flesch_kincaid_pr,-0.049172888839310584,run_003
flesch_kincaid_qa,-0.44183009519436434,run_003
gunning_fog_pr,-0.3251447442647791,run_003
gunning_fog_qa,-0.05322992922376185,run_003
lm_complexity_pr,-0.06225430071508406,run_003
lm_complexity_qa,0.17393366084360412,run_003
lm_constraining_pr,0.08307645655247539,run_003
lm_constraining_qa,0.055031877968816624,run_003
lm_litigious_pr,0.053089818290597446,run_003
lm_litigious_qa,0.2754766635618481,run_003
lm_litigious_zscore_pr,-0.13789978946722803,run_003
lm_litigious_zscore_qa,-0.016695312763089772,run_003
lm_modal_strong_pr,-0.17721341484516695,run_003
lm_modal_strong_qa,0.2007303876196884,run_003
lm_modal_strong_zscore_pr,-0.004921907334773233,run_003
lm_modal_strong_zscore_qa,0.07924243191100332,run_003
lm_modal_weak_pr,-0.24085665646465215,run_003
lm_modal_weak_qa,-0.4151389937888333,run_003
lm_modal_weak_zscore_pr,0.13694501858806146,run_003
lm_modal_weak_zscore_qa,0.13702093616432306,run_003
lm_negative_pr,-0.41242638840607865,run_003
lm_negative_qa,-0.08023507951640853,run_003
lm_net_sentiment_pr,0.3899408334833221,run_003
lm_net_sentiment_qa,-0.018546184009509543,run_003
lm_net_sentiment_zscore_pr,-0.044421036251200724,run_003
lm_net_sentiment_zscore_qa,0.17985365281360013,run_003
lm_polarity_pr,0.02067305550504224,run_003
lm_polarity_qa,0.03506470022455874,run_003
lm_positive_pr,0.24938584075709275,run_003
lm_positive_qa,-0.09903064197993754,run_003
lm_subjectivity_pr,0.18698593727593385,run_003
lm_subjectivity_qa,0.12243200701097139,run_003
lm_subjectivity_zscore_pr,-0.04116970606982044,run_003
lm_subjectivity_zscore_qa,-0.12050584038254863,run_003
lm_uncertainty_pr,0.4637781604178435,run_003
lm_uncertainty_qa,0.33776290464127495,run_003
lm_uncertainty_zscore_pr,-0.2651553508074678,run_003
lm_uncertainty_zscore_qa,0.022047810195003546,run_003
n_sentences_pr,0.43394009278537854,run_003
n_sentences_qa,-0.4457092789270144,run_003
n_words_pr,-0.48725438286449074,run_003
n_words_qa,0.15023110195205516,run_003
pronoun_plural_ratio_pr,-0.0676622059913375,run_003
pronoun_plural_ratio_qa,-0.08352331052713596,run_003
pronoun_plural_ratio_zscore_pr,0.030758769793269466,run_003
pronoun_plural_ratio_zscore_qa,0.052287906144875655,run_003
smog_index_pr,0.21667012781221237,run_003
smog_index_qa,0.41875140509076925,run_003
words_per_sentence_pr,-0.42467707952425954,run_003
words_per_sentence_qa,0.05460321212309305,run_003
words_per_sentence_zscore_pr,0.11640813813075968,run_003
words_per_sentence_zscore_qa,-0.13013380737388058,run_003
adverb_ratio_pr,0.14628591331419857,run_004
adverb_ratio_qa,-0.11800580419583453,run_004
adverb_ratio_zscore_pr,0.05846093956429714,run_004
adverb_ratio_zscore_qa,0.16291510011717295,run_004
automated_readability_pr,0.9974362681389162,run_004
automated_readability_qa,0.009188971295333533,run_004
coleman_liau_pr,-0.4220480088574,run_004
coleman_liau_qa,0.19535180029837848,run_004
dale_chall_pr,0.18469332401084315,run_004
dale_chall_qa,0.07445899896491955,run_004
flesch_ease_pr,0.053225766219836525,run_004
flesch_ease_qa,0.2006171972168366,run_004
flesch_kincaid_pr,-0.12710648838483957,run_004
flesch_kincaid_qa,-0.6838048263210647,run_004
gunning_fog_pr,-0.5668840411314737,run_004
gunning_fog_qa,-0.011757469768882206,run_004
lm_complexity_pr,-0.07974820060180908,run_004
lm_complexity_qa,0.1777238574056152,run_004
lm_constraining_pr,0.08849408878007238,run_004
lm_constraining_qa,0.049036441958032174,run_004
lm_litigious_pr,0.053524662710178125,run_004
lm_litigious_qa,0.2870513917165502,run_004
lm_litigious_zscore_pr,-0.14102064983021254,run_004
lm_litigious_zscore_qa,-0.02183675514488263,run_004
lm_modal_strong_pr,-0.1913153143380729,run_004
lm_modal_strong_qa,0.21847429136275015,run_004
lm_modal_strong_zscore_pr,0.0067795341063307014,run_004
lm_modal_strong_zscore_qa,0.06931268572751098,run_004
lm_modal_weak_pr,-0.24770522429684907,run_004
lm_modal_weak_qa,-0.45100243490622527,run_004
lm_modal_weak_zscore_pr,0.15054869817722497,run_004
lm_modal_weak_zscore_qa,0.15883682005182764,run_004
lm_negative_pr,-0.44260578849762605,run_004
lm_negative_qa,-0.09061517943845225,run_004
lm_net_sentiment_pr,0.41294147230116285,run_004
lm_net_sentiment_qa,-0.010755680883309764,run_004
lm_net_sentiment_zscore_pr,-0.06821987606872393,run_004
lm_net_sentiment_zscore_qa,0.18992762753836476,run_004
lm_polarity_pr,0.003213900698420172,run_004
lm_polarity_qa,0.015980060086546777,run_004
lm_positive_pr,0.26002241524755443,run_004
lm_positive_qa,-0.09625189876311048,run_004
lm_subjectivity_pr,0.1895765172703276,run_004
lm_subjectivity_qa,0.14087313178511357,run_004
lm_subjectivity_zscore_pr,-0.032588073191592515,run_004
lm_subjectivity_zscore_qa,-0.13373481184962396,run_004
lm_uncertainty_pr,0.4882519060685272,run_004
lm_uncertainty_qa,0.37506679499684054,run_004
lm_uncertainty_zscore_pr,-0.28492961327418803,run_004
lm_uncertainty_zscore_qa,0.009501608066185677,run_004
n_sentences_pr,0.7026182142125951,run_004
n_sentences_qa,-0.5629877829643444,run_004
n_words_pr,-0.7797455285469662,run_004
n_words_qa,0.23801608438445204,run_004
pronoun_plural_ratio_pr,-0.11605078872523437,run_004
pronoun_plural_ratio_qa,-0.09157353372687957,run_004
pronoun_plural_ratio_zscore_pr,0.04848787853548361,run_004
pronoun_plural_ratio_zscore_qa,0.05942354400978845,run_004
smog_index_pr,0.32807605694043396,run_004
smog_index_qa,0.477544514119234,run_004
words_per_sentence_pr,-0.48682145134869786,run_004
words_per_sentence_qa,0.0443783691734424,run_004
words_per_sentence_zscore_pr,0.13522764755952627,run_004
words_per_sentence_zscore_qa,-0.13717670168068102,run_004
adverb_ratio_pr,0.1560819105037325,run_005
adverb_ratio_qa,-0.126275261082963,run_005
adverb_ratio_zscore_pr,0.052275504614609024,run_005
adverb_ratio_zscore_qa,0.1733136963635842,run_005
automated_readability_pr,1.4390155483331832,run_005
automated_readability_qa,0.21523751384517628,run_005
coleman_liau_pr,-0.7429403162484478,run_005
coleman_liau_qa,0.16003513829045493,run_005
dale_chall_pr,0.22036568440791202,run_005
dale_chall_qa,0.07768459674306827,run_005
flesch_ease_pr,-0.28732163409605854,run_005
flesch_ease_qa,0.0757415598282234,run_005
flesch_kincaid_pr,-0.49422624247461916,run_005
flesch_kincaid_qa,-1.0971193333789853,run_005
gunning_fog_pr,-0.7638260643099387,run_005
gunning_fog_qa,0.16699597115823764,run_005
lm_complexity_pr,-0.0873479601939689,run_005
lm_complexity_qa,0.18106692616696446,run_005
lm_constraining_pr,0.09425018552613587,run_005
lm_constraining_qa,0.04620793178779273,run_005
lm_litigious_pr,0.06377344719406985,run_005
lm_litigious_qa,0.2785777889331252,run_005
lm_litigious_zscore_pr,-0.14894075483470567,run_005
lm_litigious_zscore_qa,-0.01523602085136921,run_005
lm_modal_strong_pr,-0.19884619814214155,run_005
lm_modal_strong_qa,0.22649928523808463,run_005
lm_modal_strong_zscore_pr,0.016030556494353535,run_005
lm_modal_strong_zscore_qa,0.06788135787560545,run_005
lm_modal_weak_pr,-0.24906736664357568,run_005
lm_modal_weak_qa,-0.4623440265485763,run_005
lm_modal_weak_zscore_pr,0.1573521253196302,run_005
lm_modal_weak_zscore_qa,0.16642100038556384,run_005
lm_negative_pr,-0.45297806023690784,run_005
lm_negative_qa,-0.0891508596891487,run_005
lm_net_sentiment_pr,0.42100908571051693,run_005
lm_net_sentiment_qa,-0.015586151212542226,run_005
lm_net_sentiment_zscore_pr,-0.07978458698797637,run_005
lm_net_sentiment_zscore_qa,0.19302229181589214,run_005
lm_polarity_pr,0.0011470054684590088,run_005
lm_polarity_qa,0.032847555097280094,run_005
lm_positive_pr,0.263901744527831,run_005
lm_positive_qa,-0.10235303158362805,run_005
lm_subjectivity_pr,0.19322973968597487,run_005
lm_subjectivity_qa,0.14857063620717845,run_005
lm_subjectivity_zscore_pr,-0.02751301984041762,run_005
lm_subjectivity_zscore_qa,-0.14142241794713362,run_005
lm_uncertainty_pr,0.4986263433659408,run_005
lm_uncertainty_qa,0.3986658594824185,run_005
lm_uncertainty_zscore_pr,-0.2920711847887486,run_005
lm_uncertainty_zscore_qa,-0.0015634324250727869,run_005
n_sentences_pr,0.8761426421557683,run_005
n_sentences_qa,-0.6305298476423813,run_005
n_words_pr,-0.9699278699668276,run_005
n_words_qa,0.28877108663565365,run_005
pronoun_plural_ratio_pr,-0.15232853723675896,run_005
pronoun_plural_ratio_qa,-0.09558132381383633,run_005
pronoun_plural_ratio_zscore_pr,0.05744044365575809,run_005
pronoun_plural_ratio_zscore_qa,0.06610115892911195,run_005
smog_index_pr,0.4306927474812027,run_005
smog_index_qa,0.4297134961249391,run_005
words_per_sentence_pr,-0.4897846102963929,run_005
words_per_sentence_qa,0.00020675438377484433,run_005
words_per_sentence_zscore_pr,0.1410527502651992,run_005
words_per_sentence_zscore_qa,-0.1331215128658763,run_005
adverb_ratio_pr,0.10039967399437323,run_006
adverb_ratio_qa,-0.04333711353212143,run_006
adverb_ratio_zscore_pr,0.08640653872425058,run_006
adverb_ratio_zscore_qa,0.08366992903279202,run_006
automated_readability_pr,0.1015319148263253,run_006
automated_readability_qa,-0.0425907218527368,run_006
coleman_liau_pr,0.055995435612533194,run_006
coleman_liau_qa,0.07443935534116465,run_006
dale_chall_pr,0.10669774267326426,run_006
dale_chall_qa,0.04653334727003254,run_006
flesch_ease_pr,0.04236756289890259,run_006
flesch_ease_qa,0.11061466371076166,run_006
flesch_kincaid_pr,-0.09067816909394355,run_006
flesch_kincaid_qa,-0.16485563458881583,run_006
gunning_fog_pr,-0.06907358954742866,run_006
gunning_fog_qa,0.009209508893940408,run_006
lm_complexity_pr,-0.02811301525785243,run_006
lm_complexity_qa,0.16967259757147998,run_006
lm_constraining_pr,0.12553871030796154,run_006
lm_constraining_qa,0.0449593250361916,run_006
lm_litigious_pr,0.058102240463871024,run_006
lm_litigious_qa,0.25152066863312694,run_006
lm_litigious_zscore_pr,-0.13959603376136495,run_006
lm_litigious_zscore_qa,-0.003240204816087823,run_006
lm_modal_strong_pr,-0.14349210595210807,run_006
lm_modal_strong_qa,0.12394276905109815,run_006
lm_modal_strong_zscore_pr,-0.044923304628024754,run_006
lm_modal_strong_zscore_qa,0.12986922994534378,run_006
lm_modal_weak_pr,-0.1536792360189561,run_006
lm_modal_weak_qa,-0.28117755731167243,run_006
lm_modal_weak_zscore_pr,0.06344446890334426,run_006
lm_modal_weak_zscore_qa,0.07452932758065998,run_006
lm_negative_pr,-0.2805032758149782,run_006
lm_negative_qa,-0.06806601157181422,run_006
lm_net_sentiment_pr,0.29963443140164003,run_006
lm_net_sentiment_qa,-0.004599878348031958,run_006
lm_net_sentiment_zscore_pr,0.01929654516495531,run_006
lm_net_sentiment_zscore_qa,0.12787526528316734,run_006
lm_polarity_pr,0.11147418732993795,run_006
lm_polarity_qa,0.03852922493508674,run_006
lm_positive_pr,0.21697223360734832,run_006
lm_positive_qa,-0.06697673359917114,run_006
lm_subjectivity_pr,0.16600240921396056,run_006
lm_subjectivity_qa,0.0872639610006168,run_006
lm_subjectivity_zscore_pr,-0.0554834387201322,run_006
lm_subjectivity_zscore_qa,-0.0991255778944435,run_006
lm_uncertainty_pr,0.3071374003237814,run_006
lm_uncertainty_qa,0.22706364655369451,run_006
lm_uncertainty_zscore_pr,-0.14684881122275736,run_006
lm_uncertainty_zscore_qa,0.025810224376882882,run_006
n_sentences_pr,0.11630007464123249,run_006
n_sentences_qa,-0.2041282197878129,run_006
n_words_pr,-0.11920955043308082,run_006
n_words_qa,-0.011521452735900101,run_006
pronoun_plural_ratio_pr,0.008683397359573011,run_006
pronoun_plural_ratio_qa,-0.05376162194458224,run_006
pronoun_plural_ratio_zscore_pr,-0.002405342830093666,run_006
pronoun_plural_ratio_zscore_qa,0.012913411805238969,run_006
smog_index_pr,0.07004641392219789,run_006
smog_index_qa,0.1613350714184408,run_006
words_per_sentence_pr,-0.2538506933261309,run_006
words_per_sentence_qa,-0.02536634914505675,run_006
words_per_sentence_zscore_pr,0.08118699474469107,run_006
words_per_sentence_zscore_qa,-0.10067119460864192,run_006
adverb_ratio_pr,0.12722498486963313,run_007
adverb_ratio_qa,-0.06367579928289677,run_007
adverb_ratio_zscore_pr,0.07895915535410251,run_007
adverb_ratio_zscore_qa,0.10793957367901755,run_007
automated_readability_pr,0.3284497040155928,run_007
automated_readability_qa,-0.03323142860131982,run_007
coleman_liau_pr,-0.0019483844738361813,run_007
coleman_liau_qa,0.11756229926526676,run_007
dale_chall_pr,0.12761492726109347,run_007
dale_chall_qa,0.07773593807100854,run_007
flesch_ease_pr,0.12421249966583864,run_007
flesch_ease_qa,0.2121374755708806,run_007
flesch_kincaid_pr,-0.1192015844834716,run_007
flesch_kincaid_qa,-0.32910053842466447,run_007
gunning_fog_pr,-0.180701194093466,run_007
gunning_fog_qa,0.02949442102901176,run_007
lm_complexity_pr,-0.05476101632792444,run_007
lm_complexity_qa,0.18215557166696908,run_007
lm_constraining_pr,0.15083911932991548,run_007
lm_constraining_qa,0.042325240434415344,run_007
lm_litigious_pr,0.05904874319180367,run_007
lm_litigious_qa,0.3015749680906504,run_007
lm_litigious_zscore_pr,-0.15189326570144857,run_007
lm_litigious_zscore_qa,-0.02463028549648509,run_007
lm_modal_strong_pr,-0.19022614465765528,run_007
lm_modal_strong_qa,0.17177196826746122,run_007
lm_modal_strong_zscore_pr,-0.021976909325710108,run_007
lm_modal_strong_zscore_qa,0.10525660042009342,run_007
lm_modal_weak_pr,-0.21212678926039708,run_007
lm_modal_weak_qa,-0.3792425823288458,run_007
lm_modal_weak_zscore_pr,0.09281806996498386,run_007
lm_modal_weak_zscore_qa,0.1176033393642535,run_007
lm_negative_pr,-0.37710268486222265,run_007
lm_negative_qa,-0.07481980021399554,run_007
lm_net_sentiment_pr,0.36939191511476516,run_007
lm_net_sentiment_qa,-0.02180789153971376,run_007
lm_net_sentiment_zscore_pr,-0.04689020032874102,run_007
lm_net_sentiment_zscore_qa,0.1581479364630621,run_007
lm_polarity_pr,0.06835959683683228,run_007
lm_polarity_qa,0.05380706788244405,run_007
lm_positive_pr,0.24570265999978222,run_007
lm_positive_qa,-0.09925235517506821,run_007
lm_subjectivity_pr,0.18509687600418925,run_007
lm_subjectivity_qa,0.1101640441991957,run_007
lm_subjectivity_zscore_pr,-0.0528861805285094,run_007
lm_subjectivity_zscore_qa,-0.10337540966812818,run_007
lm_uncertainty_pr,0.4192928526854258,run_007
lm_uncertainty_qa,0.2993425086403533,run_007
lm_uncertainty_zscore_pr,-0.21730071930564065,run_007
lm_uncertainty_zscore_qa,0.020135659895895833,run_007
n_sentences_pr,0.24807323278838236,run_007
n_sentences_qa,-0.3650157837653719,run_007
n_words_pr,-0.26504783124188164,run_007
n_words_qa,0.09583889198046994,run_007
pronoun_plural_ratio_pr,-0.02378751150887387,run_007
pronoun_plural_ratio_qa,-0.07630478787138356,run_007
pronoun_plural_ratio_zscore_pr,0.01404963570941824,run_007
pronoun_plural_ratio_zscore_qa,0.028060494973876315,run_007
smog_index_pr,0.13338926087203637,run_007
smog_index_qa,0.31018124944174863,run_007
words_per_sentence_pr,-0.3751344042350521,run_007
words_per_sentence_qa,0.00361833813136491,run_007
words_per_sentence_zscore_pr,0.14574394327197182,run_007
words_per_sentence_zscore_qa,-0.14783007538847495,run_007
adverb_ratio_pr,0.1502020819563939,run_008
adverb_ratio_qa,-0.07634062119184015,run_008
adverb_ratio_zscore_pr,0.06701284418647328,run_008
adverb_ratio_zscore_qa,0.12639693331758503,run_008
automated_readability_pr,0.7360791038843416,run_008
automated_readability_qa,0.07249275151836648,run_008
coleman_liau_pr,-0.19838153262951935,run_008
coleman_liau_qa,0.12601413941404718,run_008
dale_chall_pr,0.17036216007922136,run_008
dale_chall_qa,0.10585817400495479,run_008
flesch_ease_pr,0.1430144582758929,run_008
flesch_ease_qa,0.24072994044937185,run_008
flesch_kincaid_pr,-0.16162800749969924,run_008
flesch_kincaid_qa,-0.6276148091843672,run_008
gunning_fog_pr,-0.39940499572930716,run_008
gunning_fog_qa,0.0718627290440999,run_008
lm_complexity_pr,-0.08032650862664965,run_008
lm_complexity_qa,0.19286146692917544,run_008
lm_constraining_pr,0.16466945613590334,run_008
lm_constraining_qa,0.03709858665033485,run_008
lm_litigious_pr,0.05449205545687351,run_008
lm_litigious_qa,0.33470482189542794,run_008
lm_litigious_zscore_pr,-0.15746918486784334,run_008
lm_litigious_zscore_qa,-0.0414127205553518,run_008
lm_modal_strong_pr,-0.22332741556295294,run_008
lm_modal_strong_qa,0.21466805920486806,run_008
lm_modal_strong_zscore_pr,0.002683194484728705,run_008
lm_modal_strong_zscore_qa,0.07745268100729226,run_008
lm_modal_weak_pr,-0.25165482849668774,run_008
lm_modal_weak_qa,-0.4370043899548706,run_008
lm_modal_weak_zscore_pr,0.11471906777132514,run_008
lm_modal_weak_zscore_qa,0.14446079545169208,run_008
lm_negative_pr,-0.4432190444642755,run_008
lm_negative_qa,-0.08187736595820518,run_008
lm_net_sentiment_pr,0.41953771848896165,run_008
lm_net_sentiment_qa,-0.025650697130351088,run_008
lm_net_sentiment_zscore_pr,-0.08908910822281978,run_008
lm_net_sentiment_zscore_qa,0.173500081944929,run_008
lm_polarity_pr,0.02029498239619599,run_008
lm_polarity_qa,0.05247376521646609,run_008
lm_positive_pr,0.26867006699494217,run_008
lm_positive_qa,-0.11134673428023556,run_008
lm_subjectivity_pr,0.19510029142070914,run_008
lm_subjectivity_qa,0.13257105416562365,run_008
lm_subjectivity_zscore_pr,-0.048739609313418905,run_008
lm_subjectivity_zscore_qa,-0.11322424472274756,run_008
lm_uncertainty_pr,0.4851748240023279,run_008
lm_uncertainty_qa,0.3511416530784807,run_008
lm_uncertainty_zscore_pr,-0.2578281655460375,run_008
lm_uncertainty_zscore_qa,0.008099349382920144,run_008
n_sentences_pr,0.47974270120040796,run_008
n_sentences_qa,-0.5539005611001725,run_008
n_words_pr,-0.5222279646718109,run_008
n_words_qa,0.23505117357751198,run_008
pronoun_plural_ratio_pr,-0.07376974452263575,run_008
pronoun_plural_ratio_qa,-0.09210721158986986,run_008
pronoun_plural_ratio_zscore_pr,0.033387426062414065,run_008
pronoun_plural_ratio_zscore_qa,0.03903445763430243,run_008
smog_index_pr,0.2426758860772066,run_008
smog_index_qa,0.44056343513301743,run_008
words_per_sentence_pr,-0.5169459050123875,run_008
words_per_sentence_qa,-0.0009168512433573734,run_008
words_per_sentence_zscore_pr,0.19133899348167624,run_008
words_per_sentence_zscore_qa,-0.17742476897581574,run_008
adverb_ratio_pr,0.1680156423159703,run_009
adverb_ratio_qa,-0.08455460326005568,run_009
adverb_ratio_zscore_pr,0.05616180339502161,run_009
adverb_ratio_zscore_qa,0.1383596826028482,run_009
automated_readability_pr,1.162246485383032,run_009
automated_readability_qa,0.30312461146653247,run_009
coleman_liau_pr,-0.45151567542189347,run_009
coleman_liau_qa,0.06561884782563814,run_009
dale_chall_pr,0.21188472214471546,run_009
dale_chall_qa,0.11814263261738422,run_009
flesch_ease_pr,-0.016573582585260975,run_009
flesch_ease_qa,0.11287006547676126,run_009
flesch_kincaid_pr,-0.36877557495320673,run_009
flesch_kincaid_qa,-1.0905649958450507,run_009
gunning_fog_pr,-0.6174068620569355,run_009
gunning_fog_qa,0.19354575257140574,run_009
lm_complexity_pr,-0.09578015090017569,run_009
lm_complexity_qa,0.20189502091559988,run_009
lm_constraining_pr,0.17164780891060982,run_009
lm_constraining_qa,0.03255046808311167,run_009
lm_litigious_pr,0.054357959647788355,run_009
lm_litigious_qa,0.34541879713702794,run_009
lm_litigious_zscore_pr,-0.16201083687695975,run_009
lm_litigious_zscore_qa,-0.04651416163379706,run_009
lm_modal_strong_pr,-0.2334648924370657,run_009
lm_modal_strong_qa,0.2323325099217821,run_009
lm_modal_strong_zscore_pr,0.014592831234378491,run_009
lm_modal_strong_zscore_qa,0.0667465916837155,run_009
lm_modal_weak_pr,-0.259369716725898,run_009
lm_modal_weak_qa,-0.4625082453597491,run_009
lm_modal_weak_zscore_pr,0.12269768467700325,run_009
lm_modal_weak_zscore_qa,0.15900792645660722,run_009
lm_negative_pr,-0.46593487478485723,run_009
lm_negative_qa,-0.09193907520756164,run_009
lm_net_sentiment_pr,0.4385484288744758,run_009
lm_net_sentiment_qa,-0.020287830907545802,run_009
lm_net_sentiment_zscore_pr,-0.1086886005383038,run_009
lm_net_sentiment_zscore_qa,0.1785601493996687,run_009
lm_polarity_pr,0.00715345570667295,run_009
lm_polarity_qa,0.040596972279169315,run_009
lm_positive_pr,0.27901248466191625,run_009
lm_positive_qa,-0.11200189725402175,run_009
lm_subjectivity_pr,0.20019480916142712,run_009
lm_subjectivity_qa,0.14390260553462825,run_009
lm_subjectivity_zscore_pr,-0.04519541908550726,run_009
lm_subjectivity_zscore_qa,-0.11994232452707089,run_009
lm_uncertainty_pr,0.5064901277127868,run_009
lm_uncertainty_qa,0.3800315040461592,run_009
lm_uncertainty_zscore_pr,-0.27255384711073155,run_009
lm_uncertainty_zscore_qa,-0.0038537879829410758,run_009
n_sentences_pr,0.680145026728675,run_009
n_sentences_qa,-0.6839701581798653,run_009
n_words_pr,-0.7459398430498498,run_009
n_words_qa,0.3333563298036682,run_009
pronoun_plural_ratio_pr,-0.1137744982583359,run_009
pronoun_plural_ratio_qa,-0.09872490508823246,run_009
pronoun_plural_ratio_zscore_pr,0.045310998333918245,run_009
pronoun_plural_ratio_zscore_qa,0.0454017525658218,run_009
smog_index_pr,0.35406682550262575,run_009
smog_index_qa,0.47575506221046343,run_009
words_per_sentence_pr,-0.572828967145228,run_009
words_per_sentence_qa,-0.050743424275542084,run_009
words_per_sentence_zscore_pr,0.20717837696878746,run_009
words_per_sentence_zscore_qa,-0.1791420518990357,run_009
adverb_ratio_pr,0.16863690196223066,run_010
adverb_ratio_qa,-0.08722630090239675,run_010
adverb_ratio_zscore_pr,0.0567231418950703,run_010
adverb_ratio_zscore_qa,0.14462627645981277,run_010
automated_readability_pr,1.592903541982432,run_010
automated_readability_qa,0.6799735541578521,run_010
coleman_liau_pr,-0.7651220344110176,run_010
coleman_liau_qa,-0.040996594169801996,run_010
dale_chall_pr,0.22742277565553534,run_010
dale_chall_qa,0.12585758213561826,run_010
flesch_ease_pr,-0.39522470847688995,run_010
flesch_ease_qa,-0.14094490195633527,run_010
flesch_kincaid_pr,-0.7821712076764376,run_010
flesch_kincaid_qa,-1.751134779201553,run_010
gunning_fog_pr,-0.7930236936347587,run_010
gunning_fog_qa,0.3994883358682977,run_010
lm_complexity_pr,-0.10235437463773665,run_010
lm_complexity_qa,0.2097469938397816,run_010
lm_constraining_pr,0.17597353790987913,run_010
lm_constraining_qa,0.029247450344823164,run_010
lm_litigious_pr,0.062988067673574,run_010
lm_litigious_qa,0.34177367265937336,run_010
lm_litigious_zscore_pr,-0.1698858172538339,run_010
lm_litigious_zscore_qa,-0.04328020403388914,run_010
lm_modal_strong_pr,-0.23727492241254314,run_010
lm_modal_strong_qa,0.23659906660539004,run_010
lm_modal_strong_zscore_pr,0.021866088993315182,run_010
lm_modal_strong_zscore_qa,0.06873360368623761,run_010
lm_modal_weak_pr,-0.2592972105093665,run_010
lm_modal_weak_qa,-0.47026391404188345,run_010
lm_modal_weak_zscore_pr,0.12316902758096016,run_010
lm_modal_weak_zscore_qa,0.1643249445255808,run_010
lm_negative_pr,-0.4686235389848219,run_010
lm_negative_qa,-0.09719193199325091,run_010
lm_net_sentiment_pr,0.44005694474273715,run_010
lm_net_sentiment_qa,-0.019293071537535404,run_010
lm_net_sentiment_zscore_pr,-0.11868368637865298,run_010
lm_net_sentiment_zscore_qa,0.17982395719442526,run_010
lm_polarity_pr,0.020441311456320277,run_010
lm_polarity_qa,0.045570092626223614,run_010
lm_positive_pr,0.27921638847095553,run_010
lm_positive_qa,-0.1151055822522057,run_010
lm_subjectivity_pr,0.2034358996491328,run_010
lm_subjectivity_qa,0.14762530908190236,run_010
lm_subjectivity_zscore_pr,-0.04100843218771971,run_010
lm_subjectivity_zscore_qa,-0.1241774345639761,run_010
lm_uncertainty_pr,0.5135061921342435,run_010
lm_uncertainty_qa,0.3983728579245193,run_010
lm_uncertainty_zscore_pr,-0.2760449459518632,run_010
lm_uncertainty_zscore_qa,-0.013089088457031172,run_010
n_sentences_pr,0.7825669609722864,run_010
n_sentences_qa,-0.7665796240738862,run_010
n_words_pr,-0.8639851957782221,run_010
n_words_qa,0.398517924400154,run_010
pronoun_plural_ratio_pr,-0.14115962143551564,run_010
pronoun_plural_ratio_qa,-0.10163275154196555,run_010
pronoun_plural_ratio_zscore_pr,0.05199093288028191,run_010
pronoun_plural_ratio_zscore_qa,0.05004949695028769,run_010
smog_index_pr,0.4455692320290156,run_010
smog_index_qa,0.41265100500701174,run_010
words_per_sentence_pr,-0.577382825490083,run_010
words_per_sentence_qa,-0.1119460936678171,run_010
words_per_sentence_zscore_pr,0.21254760610953424,run_010
words_per_sentence_zscore_qa,-0.17298317711276112,run_010
adverb_ratio_pr,0.0,run_011
adverb_ratio_qa,0.0,run_011
adverb_ratio_zscore_pr,0.022167517233744622,run_011
adverb_ratio_zscore_qa,0.0,run_011
automated_readability_pr,0.0,run_011
automated_readability_qa,0.0,run_011
coleman_liau_pr,0.09256314523840359,run_011
coleman_liau_qa,0.0,run_011
dale_chall_pr,0.02480015007344075,run_011
dale_chall_qa,0.0,run_011
flesch_ease_pr,0.0,run_011
flesch_ease_qa,0.0,run_011
flesch_kincaid_pr,0.0,run_011
flesch_kincaid_qa,0.0,run_011
gunning_fog_pr,0.0,run_011
gunning_fog_qa,0.0,run_011
lm_complexity_pr,0.0,run_011
lm_complexity_qa,0.08771711184479987,run_011
lm_constraining_pr,0.0,run_011
lm_constraining_qa,4.404539948192415e-05,run_011
lm_litigious_pr,0.0,run_011
lm_litigious_qa,0.06731109874896314,run_011
lm_litigious_zscore_pr,-0.0023860307230063227,run_011
lm_litigious_zscore_qa,0.0,run_011
lm_modal_strong_pr,0.0,run_011
lm_modal_strong_qa,0.0,run_011
lm_modal_strong_zscore_pr,0.0,run_011
lm_modal_strong_zscore_qa,0.05138869364013622,run_011
lm_modal_weak_pr,0.0,run_011
lm_modal_weak_qa,0.0,run_011
lm_modal_weak_zscore_pr,0.0,run_011
lm_modal_weak_zscore_qa,0.0,run_011
lm_negative_pr,0.0,run_011
lm_negative_qa,0.0,run_011
lm_net_sentiment_pr,0.3411691868830684,run_011
lm_net_sentiment_qa,0.0,run_011
lm_net_sentiment_zscore_pr,0.1533684599540017,run_011
lm_net_sentiment_zscore_qa,0.026927346880883322,run_011
lm_polarity_pr,0.0,run_011
lm_polarity_qa,0.0,run_011
lm_positive_pr,0.08057026266246464,run_011
lm_positive_qa,0.0,run_011
lm_subjectivity_pr,0.0,run_011
lm_subjectivity_qa,0.0,run_011
lm_subjectivity_zscore_pr,0.0,run_011
lm_subjectivity_zscore_qa,0.0,run_011
lm_uncertainty_pr,0.0,run_011
lm_uncertainty_qa,0.0,run_011
lm_uncertainty_zscore_pr,0.0,run_011
lm_uncertainty_zscore_qa,0.0,run_011
n_sentences_pr,0.0,run_011
n_sentences_qa,0.0,run_011
n_words_pr,0.0,run_011
n_words_qa,-0.017307075658438066,run_011
pronoun_plural_ratio_pr,0.0,run_011
pronoun_plural_ratio_qa,0.0,run_011
pronoun_plural_ratio_zscore_pr,0.0,run_011
pronoun_plural_ratio_zscore_qa,0.0,run_011
smog_index_pr,0.0,run_011
smog_index_qa,0.0,run_011
words_per_sentence_pr,-0.1011365290669066,run_011
words_per_sentence_qa,0.0,run_011
words_per_sentence_zscore_pr,0.0,run_011
words_per_sentence_zscore_qa,-0.0005195322340452928,run_011
adverb_ratio_pr,0.0,run_012
adverb_ratio_qa,0.0,run_012
adverb_ratio_zscore_pr,0.09351417973198284,run_012
adverb_ratio_zscore_qa,0.013363504071101987,run_012
automated_readability_pr,0.0,run_012
automated_readability_qa,0.0,run_012
coleman_liau_pr,0.12625012191415988,run_012
coleman_liau_qa,0.0,run_012
dale_chall_pr,0.014012317582509037,run_012
dale_chall_qa,0.0,run_012
flesch_ease_pr,0.0,run_012
flesch_ease_qa,0.0,run_012
flesch_kincaid_pr,0.0,run_012
flesch_kincaid_qa,-0.06104641680246348,run_012
gunning_fog_pr,0.0,run_012
gunning_fog_qa,0.0,run_012
lm_complexity_pr,0.0,run_012
lm_complexity_qa,0.1304213095807877,run_012
lm_constraining_pr,0.009429390857954611,run_012
lm_constraining_qa,0.04286752023993663,run_012
lm_litigious_pr,0.011260562775713015,run_012
lm_litigious_qa,0.20135688670597668,run_012
lm_litigious_zscore_pr,-0.07258657891819728,run_012
lm_litigious_zscore_qa,0.0,run_012
lm_modal_strong_pr,0.0,run_012
lm_modal_strong_qa,0.0035588471914555497,run_012
lm_modal_strong_zscore_pr,-0.0654186851547863,run_012
lm_modal_strong_zscore_qa,0.1499411801666375,run_012
lm_modal_weak_pr,-0.046247678555845315,run_012
lm_modal_weak_qa,-0.12851251459671179,run_012
lm_modal_weak_zscore_pr,0.0,run_012
lm_modal_weak_zscore_qa,0.0,run_012
lm_negative_pr,0.0,run_012
lm_negative_qa,0.0,run_012
lm_net_sentiment_pr,0.6869012499834796,run_012
lm_net_sentiment_qa,0.0,run_012
lm_net_sentiment_zscore_pr,0.07443821495843184,run_012
lm_net_sentiment_zscore_qa,0.11329636402199045,run_012
lm_polarity_pr,0.0,run_012
lm_polarity_qa,0.0,run_012
lm_positive_pr,0.0,run_012
lm_positive_qa,0.0,run_012
lm_subjectivity_pr,0.023722520197498313,run_012
lm_subjectivity_qa,0.0,run_012
lm_subjectivity_zscore_pr,-0.016545661785874473,run_012
lm_subjectivity_zscore_qa,-0.06545915456415373,run_012
lm_uncertainty_pr,0.14120061313367574,run_012
lm_uncertainty_qa,0.17899296468812517,run_012
lm_uncertainty_zscore_pr,-0.01779350374285492,run_012
lm_uncertainty_zscore_qa,0.0,run_012
n_sentences_pr,0.0,run_012
n_sentences_qa,-0.05366031496052633,run_012
n_words_pr,0.0,run_012
n_words_qa,-0.06944869854052725,run_012
pronoun_plural_ratio_pr,0.0,run_012
pronoun_plural_ratio_qa,0.0,run_012
pronoun_plural_ratio_zscore_pr,0.0,run_012
pronoun_plural_ratio_zscore_qa,0.0,run_012
smog_index_pr,0.0,run_012
smog_index_qa,0.0,run_012
words_per_sentence_pr,-0.1888323938428363,run_012
words_per_sentence_qa,0.0,run_012
words_per_sentence_zscore_pr,0.0,run_012
words_per_sentence_zscore_qa,-0.05995263098228958,run_012
adverb_ratio_pr,0.02949867820526695,run_013
adverb_ratio_qa,-0.04418595647682921,run_013
adverb_ratio_zscore_pr,0.11319633125220406,run_013
adverb_ratio_zscore_qa,0.07639913848225663,run_013
automated_readability_pr,0.14586508825439715,run_013
automated_readability_qa,0.0,run_013
coleman_liau_pr,0.0,run_013
coleman_liau_qa,0.059337609569420774,run_013
dale_chall_pr,0.0063168140805058386,run_013
dale_chall_qa,0.01968400382977233,run_013
flesch_ease_pr,0.0,run_013
flesch_ease_qa,0.0,run_013
flesch_kincaid_pr,0.0,run_013
flesch_kincaid_qa,-0.3978504283538865,run_013
gunning_fog_pr,0.0,run_013
gunning_fog_qa,0.0,run_013
lm_complexity_pr,-0.013930529353610784,run_013
lm_complexity_qa,0.14568961488643897,run_013
lm_constraining_pr,0.050515764757846505,run_013
lm_constraining_qa,0.059369152194038224,run_013
lm_litigious_pr,0.06710861592208354,run_013
lm_litigious_qa,0.2736555731999103,run_013
lm_litigious_zscore_pr,-0.11804706822967806,run_013
lm_litigious_zscore_qa,-0.00580979248372333,run_013
lm_modal_strong_pr,-0.14200297441528092,run_013
lm_modal_strong_qa,0.13272789237848076,run_013
lm_modal_strong_zscore_pr,-0.024352852170553392,run_013
lm_modal_strong_zscore_qa,0.10705638090916836,run_013
lm_modal_weak_pr,-0.1820945440012591,run_013
lm_modal_weak_qa,-0.31580629695858375,run_013
lm_modal_weak_zscore_pr,0.07482464538985499,run_013
lm_modal_weak_zscore_qa,0.07253308778636852,run_013
lm_negative_pr,-0.012070100480464441,run_013
lm_negative_qa,-0.02362544799342958,run_013
lm_net_sentiment_pr,0.8695223647038504,run_013
lm_net_sentiment_qa,0.0,run_013
lm_net_sentiment_zscore_pr,0.005174757401625299,run_013
lm_net_sentiment_zscore_qa,0.15301053820687632,run_013
lm_polarity_pr,0.0,run_013
lm_polarity_qa,0.0,run_013
lm_positive_pr,0.0,run_013
lm_positive_qa,0.0,run_013
lm_subjectivity_pr,0.0,run_013
lm_subjectivity_qa,0.0,run_013
lm_subjectivity_zscore_pr,-0.04625389702363805,run_013
lm_subjectivity_zscore_qa,-0.09357053109683217,run_013
lm_uncertainty_pr,0.3988634385684635,run_013
lm_uncertainty_qa,0.35191381961965174,run_013
lm_uncertainty_zscore_pr,-0.1666360803000409,run_013
lm_uncertainty_zscore_qa,0.0,run_013
n_sentences_pr,0.0,run_013
n_sentences_qa,-0.22162217917111088,run_013
n_words_pr,-0.013197799698655758,run_013
n_words_qa,0.0,run_013
pronoun_plural_ratio_pr,0.0,run_013
pronoun_plural_ratio_qa,-0.03476326325107888,run_013
pronoun_plural_ratio_zscore_pr,0.0,run_013
pronoun_plural_ratio_zscore_qa,0.003769066307825702,run_013
smog_index_pr,0.0,run_013
smog_index_qa,0.19892958143414738,run_013
words_per_sentence_pr,-0.34565785924245057,run_013
words_per_sentence_qa,0.0,run_013
words_per_sentence_zscore_pr,0.053888097661061486,run_013
words_per_sentence_zscore_qa,-0.06546194603197604,run_013
adverb_ratio_pr,0.10803499888359071,run_014
adverb_ratio_qa,-0.09461465827530037,run_014
adverb_ratio_zscore_pr,0.0757930643236812,run_014
adverb_ratio_zscore_qa,0.13761999629765387,run_014
automated_readability_pr,0.736117383956401,run_014
automated_readability_qa,0.0,run_014
coleman_liau_pr,-0.26079804714232174,run_014
coleman_liau_qa,0.11812074619367918,run_014
dale_chall_pr,0.14443321782946572,run_014
dale_chall_qa,0.0552155088978671,run_014
flesch_ease_pr,0.11079802720217384,run_014
flesch_ease_qa,0.09417521846784907,run_014
flesch_kincaid_pr,0.0,run_014
flesch_kincaid_qa,-0.6489423049762939,run_014
gunning_fog_pr,-0.3271537391678912,run_014
gunning_fog_qa,0.0,run_014
lm_complexity_pr,-0.06142761791198617,run_014
lm_complexity_qa,0.1672532797573455,run_014
lm_constraining_pr,0.08084779055092489,run_014
lm_constraining_qa,0.05305999750413709,run_014
lm_litigious_pr,0.07480517687705744,run_014
lm_litigious_qa,0.3089386209005156,run_014
lm_litigious_zscore_pr,-0.13089171068104966,run_014
lm_litigious_zscore_qa,-0.01697181525471385,run_014
lm_modal_strong_pr,-0.1772189687957624,run_014
lm_modal_strong_qa,0.18986248621973942,run_014
lm_modal_strong_zscore_pr,-0.00031920288642279057,run_014
lm_modal_strong_zscore_qa,0.07961766367698149,run_014
lm_modal_weak_pr,-0.23523435195249717,run_014
lm_modal_weak_qa,-0.4118604772795897,run_014
lm_modal_weak_zscore_pr,0.13086558895161907,run_014
lm_modal_weak_zscore_qa,0.130296167622066,run_014
lm_negative_pr,-0.04280058407469685,run_014
lm_negative_qa,-0.006217880773188292,run_014
lm_net_sentiment_pr,0.9352246530131897,run_014
lm_net_sentiment_qa,0.0,run_014
lm_net_sentiment_zscore_pr,-0.03535929227124122,run_014
lm_net_sentiment_zscore_qa,0.17735919016668453,run_014
lm_polarity_pr,0.0,run_014
lm_polarity_qa,0.008004620131263027,run_014
lm_positive_pr,0.0,run_014
lm_positive_qa,0.0,run_014
lm_subjectivity_pr,0.0,run_014
lm_subjectivity_qa,0.0,run_014
lm_subjectivity_zscore_pr,-0.033103945204809235,run_014
lm_subjectivity_zscore_qa,-0.12276349899491963,run_014
lm_uncertainty_pr,0.5267519491327024,run_014
lm_uncertainty_qa,0.42414547205630126,run_014
lm_uncertainty_zscore_pr,-0.2540975314995427,run_014
lm_uncertainty_zscore_qa,0.008393111545162384,run_014
n_sentences_pr,0.6085084047440547,run_014
n_sentences_qa,-0.4787642469367031,run_014
n_words_pr,-0.6816586489291061,run_014
n_words_qa,0.17663135078400066,run_014
pronoun_plural_ratio_pr,-0.06802173177314848,run_014
pronoun_plural_ratio_qa,-0.07505225874384665,run_014
pronoun_plural_ratio_zscore_pr,0.02324707543029374,run_014
pronoun_plural_ratio_zscore_qa,0.04241714597643722,run_014
smog_index_pr,0.10875006497086666,run_014
smog_index_qa,0.443780146337036,run_014
words_per_sentence_pr,-0.4083435098343681,run_014
words_per_sentence_qa,7.844904464189322e-05,run_014
words_per_sentence_zscore_pr,0.10971660651079203,run_014
words_per_sentence_zscore_qa,-0.10785889452576747,run_014
adverb_ratio_pr,0.15047040834552694,run_015
adverb_ratio_qa,-0.1187792767306767,run_015
adverb_ratio_zscore_pr,0.05239026449339437,run_015
adverb_ratio_zscore_qa,0.1650769173978579,run_015
automated_readability_pr,1.263068776392909,run_015
automated_readability_qa,0.25813789554073385,run_015
coleman_liau_pr,-0.5851865044316691,run_015
coleman_liau_qa,0.10322034713782961,run_015
dale_chall_pr,0.21520769691618047,run_015
dale_chall_qa,0.07443187169231245,run_015
flesch_ease_pr,0.0,run_015
flesch_ease_qa,0.0,run_015
flesch_kincaid_pr,-0.1808420453417735,run_015
flesch_kincaid_qa,-1.1152034668254327,run_015
gunning_fog_pr,-0.6849323081909979,run_015
gunning_fog_qa,0.055353587500678314,run_015
lm_complexity_pr,-0.08518422552641453,run_015
lm_complexity_qa,0.17957308313412565,run_015
lm_constraining_pr,0.090860301261744,run_015
lm_constraining_qa,0.04726610568032331,run_015
lm_litigious_pr,0.08602971730522911,run_015
lm_litigious_qa,0.3169120620373214,run_015
lm_litigious_zscore_pr,-0.14153647334663738,run_015
lm_litigious_zscore_qa,-0.020742696993783866,run_015
lm_modal_strong_pr,-0.18848805944724573,run_015
lm_modal_strong_qa,0.21508731937087217,run_015
lm_modal_strong_zscore_pr,0.00815279399999294,run_015
lm_modal_strong_zscore_qa,0.07260556844574138,run_015
lm_modal_weak_pr,-0.2432797953072779,run_015
lm_modal_weak_qa,-0.45480529910234335,run_015
lm_modal_weak_zscore_pr,0.151883909896025,run_015
lm_modal_weak_zscore_qa,0.16208366111979053,run_015
lm_negative_pr,-0.04328210579353738,run_015
lm_negative_qa,0.0,run_015
lm_net_sentiment_pr,0.9885315020994273,run_015
lm_net_sentiment_qa,0.006979211838937372,run_015
lm_net_sentiment_zscore_pr,-0.06954831314114424,run_015
lm_net_sentiment_zscore_qa,0.1912855691681957,run_015
lm_polarity_pr,0.0,run_015
lm_polarity_qa,0.0071665140235162034,run_015
lm_positive_pr,0.0,run_015
lm_positive_qa,0.0,run_015
lm_subjectivity_pr,0.0,run_015
lm_subjectivity_qa,0.0037575967571944428,run_015
lm_subjectivity_zscore_pr,-0.02783333879669943,run_015
lm_subjectivity_zscore_qa,-0.13643101098642407,run_015
lm_uncertainty_pr,0.5676432099469682,run_015
lm_uncertainty_qa,0.46635264848905833,run_015
lm_uncertainty_zscore_pr,-0.28211825315677996,run_015
lm_uncertainty_zscore_qa,0.0,run_015
n_sentences_pr,0.8360566525137358,run_015
n_sentences_qa,-0.6221493831085285,run_015
n_words_pr,-0.9247780932673405,run_015
n_words_qa,0.2818920920226512,run_015
pronoun_plural_ratio_pr,-0.13471716046275523,run_015
pronoun_plural_ratio_qa,-0.08881208791712082,run_015
pronoun_plural_ratio_zscore_pr,0.05098988453420325,run_015
pronoun_plural_ratio_zscore_qa,0.05885667046222856,run_015
smog_index_pr,0.37392596159843605,run_015
smog_index_qa,0.4785227528902734,run_015
words_per_sentence_pr,-0.537771946875928,run_015
words_per_sentence_qa,0.001626540728053849,run_015
words_per_sentence_zscore_pr,0.13027500306636464,run_015
words_per_sentence_zscore_qa,-0.12282168227871998,run_015
adverb_ratio_pr,0.020796371643245798,run_016
adverb_ratio_qa,0.0,run_016
adverb_ratio_zscore_pr,0.04525354477347122,run_016
adverb_ratio_zscore_qa,0.0,run_016
automated_readability_pr,0.0,run_016
automated_readability_qa,0.0,run_016
coleman_liau_pr,0.08625370865092322,run_016
coleman_liau_qa,0.0,run_016
dale_chall_pr,0.048058627776179016,run_016
dale_chall_qa,0.0,run_016
flesch_ease_pr,0.0,run_016
flesch_ease_qa,0.0,run_016
flesch_kincaid_pr,0.0,run_016
flesch_kincaid_qa,0.0,run_016
gunning_fog_pr,0.0,run_016
gunning_fog_qa,0.0,run_016
lm_complexity_pr,0.0,run_016
lm_complexity_qa,0.10433651768045464,run_016
lm_constraining_pr,0.005831823375752256,run_016
lm_constraining_qa,0.006146697202354895,run_016
lm_litigious_pr,0.0,run_016
lm_litigious_qa,0.13078857407837627,run_016
lm_litigious_zscore_pr,-0.043884425039763766,run_016
lm_litigious_zscore_qa,0.0,run_016
lm_modal_strong_pr,0.0,run_016
lm_modal_strong_qa,0.0,run_016
lm_modal_strong_zscore_pr,-0.024111845678168573,run_016
lm_modal_strong_zscore_qa,0.11088454387032053,run_016
lm_modal_weak_pr,0.0,run_016
lm_modal_weak_qa,0.0,run_016
lm_modal_weak_zscore_pr,0.0,run_016
lm_modal_weak_zscore_qa,0.0,run_016
lm_negative_pr,0.0,run_016
lm_negative_qa,0.0,run_016
lm_net_sentiment_pr,0.5097160881370881,run_016
lm_net_sentiment_qa,0.0,run_016
lm_net_sentiment_zscore_pr,0.0939455169661992,run_016
lm_net_sentiment_zscore_qa,0.052621937326035505,run_016
lm_polarity_pr,0.0,run_016
lm_polarity_qa,0.0,run_016
lm_positive_pr,0.0037073684985646635,run_016
lm_positive_qa,0.0,run_016
lm_subjectivity_pr,0.058120660783284164,run_016
lm_subjectivity_qa,0.0,run_016
lm_subjectivity_zscore_pr,0.0,run_016
lm_subjectivity_zscore_qa,-0.013152649095775397,run_016
lm_uncertainty_pr,0.0,run_016
lm_uncertainty_qa,0.0,run_016
lm_uncertainty_zscore_pr,0.0,run_016
lm_uncertainty_zscore_qa,0.0,run_016
n_sentences_pr,0.0,run_016
n_sentences_qa,0.0,run_016
n_words_pr,0.0,run_016
n_words_qa,-0.04705941978044867,run_016
pronoun_plural_ratio_pr,0.0,run_016
pronoun_plural_ratio_qa,0.0,run_016
pronoun_plural_ratio_zscore_pr,0.0,run_016
pronoun_plural_ratio_zscore_qa,0.0,run_016
smog_index_pr,0.0,run_016
smog_index_qa,0.0,run_016
words_per_sentence_pr,-0.1388271127497583,run_016
words_per_sentence_qa,0.0,run_016
words_per_sentence_zscore_pr,0.0,run_016
words_per_sentence_zscore_qa,-0.024044638371940773,run_016
adverb_ratio_pr,0.04658863444774838,run_017
adverb_ratio_qa,0.0,run_017
adverb_ratio_zscore_pr,0.09229783670929803,run_017
adverb_ratio_zscore_qa,0.030132113054836273,run_017
automated_readability_pr,0.0,run_017
automated_readability_qa,0.0,run_017
coleman_liau_pr,0.07592219151359658,run_017
coleman_liau_qa,0.0,run_017
dale_chall_pr,0.054921699094622564,run_017
dale_chall_qa,0.0,run_017
flesch_ease_pr,0.0,run_017
flesch_ease_qa,0.0,run_017
flesch_kincaid_pr,0.0,run_017
flesch_kincaid_qa,-0.05258075208402264,run_017
gunning_fog_pr,0.0,run_017
gunning_fog_qa,0.0,run_017
lm_complexity_pr,0.0,run_017
lm_complexity_qa,0.13759945713742763,run_017
lm_constraining_pr,0.09233504899318418,run_017
lm_constraining_qa,0.02588226490498841,run_017
lm_litigious_pr,0.03809285537057413,run_017
lm_litigious_qa,0.254129328177182,run_017
lm_litigious_zscore_pr,-0.10009233365028568,run_017
lm_litigious_zscore_qa,0.0,run_017
lm_modal_strong_pr,-0.0753963058427978,run_017
lm_modal_strong_qa,0.04590035413384399,run_017
lm_modal_strong_zscore_pr,-0.057167856427601096,run_017
lm_modal_strong_zscore_qa,0.14980831053358892,run_017
lm_modal_weak_pr,-0.07820641019973203,run_017
lm_modal_weak_qa,-0.20008862741925657,run_017
lm_modal_weak_zscore_pr,0.0,run_017
lm_modal_weak_zscore_qa,0.020181363314808732,run_017
lm_negative_pr,0.0,run_017
lm_negative_qa,0.0,run_017
lm_net_sentiment_pr,0.8107182471905214,run_017
lm_net_sentiment_qa,0.0,run_017
lm_net_sentiment_zscore_pr,0.01863160587087473,run_017
lm_net_sentiment_zscore_qa,0.1367253386982723,run_017
lm_polarity_pr,0.0,run_017
lm_polarity_qa,0.0,run_017
lm_positive_pr,0.0,run_017
lm_positive_qa,0.0,run_017
lm_subjectivity_pr,0.0,run_017
lm_subjectivity_qa,0.0,run_017
lm_subjectivity_zscore_pr,-0.03152844195994839,run_017
lm_subjectivity_zscore_qa,-0.08610549922027698,run_017
lm_uncertainty_pr,0.22115567605192896,run_017
lm_uncertainty_qa,0.2482798251089296,run_017
lm_uncertainty_zscore_pr,-0.03404052051036379,run_017
lm_uncertainty_zscore_qa,0.0,run_017
n_sentences_pr,0.0,run_017
n_sentences_qa,-0.15293100239711627,run_017
n_words_pr,0.0,run_017
n_words_qa,-0.006099322970741703,run_017
pronoun_plural_ratio_pr,0.0,run_017
pronoun_plural_ratio_qa,-0.00992899632334924,run_017
pronoun_plural_ratio_zscore_pr,0.0,run_017
pronoun_plural_ratio_zscore_qa,0.0,run_017
smog_index_pr,0.0,run_017
smog_index_qa,0.0,run_017
words_per_sentence_pr,-0.25132851754059643,run_017
words_per_sentence_qa,-0.047016565632318284,run_017
words_per_sentence_zscore_pr,0.02584429798358902,run_017
words_per_sentence_zscore_qa,-0.0757431277231259,run_017
adverb_ratio_pr,0.0763308352596201,run_018
adverb_ratio_qa,-0.0332279838857432,run_018
adverb_ratio_zscore_pr,0.10149374246521997,run_018
adverb_ratio_zscore_qa,0.07460943831225784,run_018
automated_readability_pr,0.3064209190793312,run_018
automated_readability_qa,0.0,run_018
coleman_liau_pr,0.0,run_018
coleman_liau_qa,0.008745470773163422,run_018
dale_chall_pr,0.07116420528623191,run_018
dale_chall_qa,0.06716236110337058,run_018
flesch_ease_pr,0.1504448539651416,run_018
flesch_ease_qa,0.005995719044891653,run_018
flesch_kincaid_pr,0.0,run_018
flesch_kincaid_qa,-0.4585517306598796,run_018
gunning_fog_pr,-0.03615847635668976,run_018
gunning_fog_qa,0.0,run_018
lm_complexity_pr,-0.041218043750168194,run_018
lm_complexity_qa,0.1660473806838263,run_018
lm_constraining_pr,0.14187941743453752,run_018
lm_constraining_qa,0.03939030092111997,run_018
lm_litigious_pr,0.06867218270050855,run_018
lm_litigious_qa,0.3385934800291706,run_018
lm_litigious_zscore_pr,-0.1343037836442118,run_018
lm_litigious_zscore_qa,-0.026230256894006952,run_018
lm_modal_strong_pr,-0.19467991300499535,run_018
lm_modal_strong_qa,0.1470490116533428,run_018
lm_modal_strong_zscore_pr,-0.015825081363093452,run_018
lm_modal_strong_zscore_qa,0.1090654817104199,run_018
lm_modal_weak_pr,-0.19413160512068342,run_018
lm_modal_weak_qa,-0.37225040572883067,run_018
lm_modal_weak_zscore_pr,0.06970014731964562,run_018
lm_modal_weak_zscore_qa,0.10550936458663537,run_018
lm_negative_pr,-0.030507556075034237,run_018
lm_negative_qa,-0.02224516761247997,run_018
lm_net_sentiment_pr,0.903688890605537,run_018
lm_net_sentiment_qa,0.0,run_018
lm_net_sentiment_zscore_pr,-0.011358793433343173,run_018
lm_net_sentiment_zscore_qa,0.15373379243104138,run_018
lm_polarity_pr,0.0,run_018
lm_polarity_qa,0.0,run_018
lm_positive_pr,0.0,run_018
lm_positive_qa,0.0,run_018
lm_subjectivity_pr,0.0,run_018
lm_subjectivity_qa,0.0,run_018
lm_subjectivity_zscore_pr,-0.046380946579254824,run_018
lm_subjectivity_zscore_qa,-0.10396997725285359,run_018
lm_uncertainty_pr,0.44044687674327765,run_018
lm_uncertainty_qa,0.3810598578688314,run_018
lm_uncertainty_zscore_pr,-0.17737992981640166,run_018
lm_uncertainty_zscore_qa,0.0,run_018
n_sentences_pr,0.10817272066623683,run_018
n_sentences_qa,-0.3282820606324365,run_018
n_words_pr,-0.11665378031806749,run_018
n_words_qa,0.06803799162605677,run_018
pronoun_plural_ratio_pr,0.0,run_018
pronoun_plural_ratio_qa,-0.049396978984784554,run_018
pronoun_plural_ratio_zscore_pr,0.0,run_018
pronoun_plural_ratio_zscore_qa,0.0006732198510018241,run_018
smog_index_pr,0.0,run_018
smog_index_qa,0.3065920937436411,run_018
words_per_sentence_pr,-0.4734773490449666,run_018
words_per_sentence_qa,0.0,run_018
words_per_sentence_zscore_pr,0.12402668784265755,run_018
words_per_sentence_zscore_qa,-0.11882087042409627,run_018
adverb_ratio_pr,0.13894933608485635,run_019
adverb_ratio_qa,-0.06775296364445921,run_019
adverb_ratio_zscore_pr,0.0699261024305596,run_019
adverb_ratio_zscore_qa,0.12044680044684768,run_019
automated_readability_pr,0.9910070796505107,run_019
automated_readability_qa,0.35225362353546835,run_019
coleman_liau_pr,-0.36262555492946785,run_019
coleman_liau_qa,0.0,run_019
dale_chall_pr,0.1787017900414703,run_019
dale_chall_qa,0.11647757294429549,run_019
flesch_ease_pr,0.0,run_019
flesch_ease_qa,0.018164378474598075,run_019
flesch_kincaid_pr,-0.27228088569082776,run_019
flesch_kincaid_qa,-1.0911006423294358,run_019
gunning_fog_pr,-0.402501909882012,run_019
gunning_fog_qa,0.0,run_019
lm_complexity_pr,-0.0854128376654256,run_019
lm_complexity_qa,0.1916842896967049,run_019
lm_constraining_pr,0.16523039787631824,run_019
lm_constraining_qa,0.03314990269707269,run_019
lm_litigious_pr,0.0812708513955135,run_019
lm_litigious_qa,0.3718813411548997,run_019
lm_litigious_zscore_pr,-0.1566051406138754,run_019
lm_litigious_zscore_qa,-0.04004403003744991,run_019
lm_modal_strong_pr,-0.2115297549596785,run_019
lm_modal_strong_qa,0.2014512919662893,run_019
lm_modal_strong_zscore_pr,0.0,run_019
lm_modal_strong_zscore_qa,0.08410272643529286,run_019
lm_modal_weak_pr,-0.2439778636331234,run_019
lm_modal_weak_qa,-0.44294908460120164,run_019
lm_modal_weak_zscore_pr,0.10985324674383332,run_019
lm_modal_weak_zscore_qa,0.14382197589182183,run_019
lm_negative_pr,-0.058490502999503174,run_019
lm_negative_qa,-0.0031829212468587925,run_019
lm_net_sentiment_pr,0.995723465434466,run_019
lm_net_sentiment_qa,0.0,run_019
lm_net_sentiment_zscore_pr,-0.08339571912277692,run_019
lm_net_sentiment_zscore_qa,0.1729838546315507,run_019
lm_polarity_pr,0.0,run_019
lm_polarity_qa,0.015921310479747323,run_019
lm_positive_pr,0.0,run_019
lm_positive_qa,0.0,run_019
lm_subjectivity_pr,0.0,run_019
lm_subjectivity_qa,0.0,run_019
lm_subjectivity_zscore_pr,-0.03378462835782916,run_019
lm_subjectivity_zscore_qa,-0.12292991759428956,run_019
lm_uncertainty_pr,0.5538244328203432,run_019
lm_uncertainty_qa,0.4464618402820037,run_019
lm_uncertainty_zscore_pr,-0.2531495829046708,run_019
lm_uncertainty_zscore_qa,0.0,run_019
n_sentences_pr,0.6086075127651155,run_019
n_sentences_qa,-0.5982242467254606,run_019
n_words_pr,-0.6700924736089378,run_019
n_words_qa,0.2688013536457692,run_019
pronoun_plural_ratio_pr,-0.07565262144870093,run_019
pronoun_plural_ratio_qa,-0.08785033522524464,run_019
pronoun_plural_ratio_zscore_pr,0.027517179280363704,run_019
pronoun_plural_ratio_zscore_qa,0.0330295888457978,run_019
smog_index_pr,0.1494112132044514,run_019
smog_index_qa,0.5561090263030394,run_019
words_per_sentence_pr,-0.5356820805425775,run_019
words_per_sentence_qa,0.0,run_019
words_per_sentence_zscore_pr,0.18792687608715483,run_019
words_per_sentence_zscore_qa,-0.16668194812398832,run_019
adverb_ratio_pr,0.16591485031333303,run_020
adverb_ratio_qa,-0.08350338856593073,run_020
adverb_ratio_zscore_pr,0.056428670729199985,run_020
adverb_ratio_zscore_qa,0.1399398180852383,run_020
automated_readability_pr,1.5603208038697627,run_020
automated_readability_qa,0.5930814545421795,run_020
coleman_liau_pr,-0.7213279266290679,run_020
coleman_liau_qa,-0.007435619746082306,run_020
dale_chall_pr,0.2226172487987612,run_020
dale_chall_qa,0.12531582420865356,run_020
flesch_ease_pr,-0.29187914217523603,run_020
flesch_ease_qa,-0.08345665854400128,run_020
flesch_kincaid_pr,-0.6885853736352316,run_020
flesch_kincaid_qa,-1.6462178419665625,run_020
gunning_fog_pr,-0.7437522742146883,run_020
gunning_fog_qa,0.35832122277192463,run_020
lm_complexity_pr,-0.09908893988477618,run_020
lm_complexity_qa,0.2068180752916249,run_020
lm_constraining_pr,0.17397049091257297,run_020
lm_constraining_qa,0.028532188424960633,run_020
lm_litigious_pr,0.09092275350835788,run_020
lm_litigious_qa,0.3756063254713073,run_020
lm_litigious_zscore_pr,-0.16625392810901354,run_020
lm_litigious_zscore_qa,-0.04393694820213066,run_020
lm_modal_strong_pr,-0.22443176843899773,run_020
lm_modal_strong_qa,0.22739791490431177,run_020
lm_modal_strong_zscore_pr,0.013132470859876828,run_020
lm_modal_strong_zscore_qa,0.07353193747128796,run_020
lm_modal_weak_pr,-0.2508309279762894,run_020
lm_modal_weak_qa,-0.466735420961519,run_020
lm_modal_weak_zscore_pr,0.11917270866673507,run_020
lm_modal_weak_zscore_qa,0.16064710013039465,run_020
lm_negative_pr,-0.046826096471853575,run_020
lm_negative_qa,-0.004872882934578353,run_020
lm_net_sentiment_pr,1.0445215007131834,run_020
lm_net_sentiment_qa,0.0,run_020
lm_net_sentiment_zscore_pr,-0.11227835486732324,run_020
lm_net_sentiment_zscore_qa,0.17758905133175495,run_020
lm_polarity_pr,0.012358091755017644,run_020
lm_polarity_qa,0.01906155174071371,run_020
lm_positive_pr,0.0,run_020
lm_positive_qa,0.0,run_020
lm_subjectivity_pr,0.0,run_020
lm_subjectivity_qa,0.0,run_020
lm_subjectivity_zscore_pr,-0.03769155848879678,run_020
lm_subjectivity_zscore_qa,-0.12642634343583314,run_020
lm_uncertainty_pr,0.5894239019338882,run_020
lm_uncertainty_qa,0.4792780661365488,run_020
lm_uncertainty_zscore_pr,-0.27049670464366843,run_020
lm_uncertainty_zscore_qa,-0.011089772190401631,run_020
n_sentences_pr,0.7352870108109673,run_020
n_sentences_qa,-0.7252089837158812,run_020
n_words_pr,-0.8107986701845147,run_020
n_words_qa,0.36587113658892556,run_020
pronoun_plural_ratio_pr,-0.12685737507502273,run_020
pronoun_plural_ratio_qa,-0.09999882379437591,run_020
pronoun_plural_ratio_zscore_pr,0.045728134459210056,run_020
pronoun_plural_ratio_zscore_qa,0.04762169253958278,run_020
smog_index_pr,0.41658370671112316,run_020
smog_index_qa,0.4386180239046961,run_020
words_per_sentence_pr,-0.6253199359538131,run_020
words_per_sentence_qa,-0.06158250211750432,run_020
words_per_sentence_zscore_pr,0.20974616226694243,run_020
words_per_sentence_zscore_qa,-0.1724814773217518,run_020
